order_id,date,product_name,category,units_sold,unit_price,region
1001,2026-09-01,Wireless Mouse,Electronics,5,25.0,North
1002,2026-09-01,Mechanical Keyboard,Electronics,2,80.0,South
1003,2026-09-02,Coffee Mug,Home,abc,12.5,East
1004,2026-09-02,Desk Mat,Home,3,,West
1005,2026-09-03,Wireless Mouse,Electronics,5,25.0,North
1006,2026-09-03,Gaming Headset,Electronics,1,120.0,North
1007,2026-09-04,Desk Lamp,Home,4,35.0,East
1008,2026-09-04,Notebook Pack,Stationery,10,8.0,South
1009,2026-09-05,Gel Pens,Stationery,20,3.5,West
1010,2026-09-05,Mechanical Keyboard,Electronics,1,80.0,East
1011,2026-09-06,USB Hub,Electronics,6,18.0,North
1012,2026-09-06,Coffee Mug,Home,8,12.5,West
1013,2026-09-07,Office Chair,Furniture,2,150.0,South
1014,2026-09-07,Standing Desk,Furniture,1,320.0,North
1015,2026-09-08,Desk Mat,Home,3,22.0,East
1016,2026-09-08,Wireless Mouse,Electronics,7,25.0,West
1017,2026-09-09,Notebook Pack,Stationery,12,8.0,North
1018,2026-09-09,Gaming Headset,Electronics,2,120.0,South
1019,2026-09-10,Desk Lamp,Home,-2,35.0,West
1020,2026-09-10,Office Chair,Furniture,1,150.0,East
1021,2026-09-11,Gel Pens,Stationery,15,3.5,North
1022,2026-09-11,USB Hub,Electronics,4,-18.0,South
1023,2026-09-12,Standing Desk,Furniture,1,320.0,West
1024,2026-09-12,Coffee Mug,Home,6,12.5,North
1025,2026-09-13,Mechanical Keyboard,Electronics,3,80.0,South
1026,2026-09-13,Notebook Pack,Stationery,9,8.0,East
1027,2026-09-14,Wireless Mouse,Electronics,4,25.0,
1028,2026-09-14,Desk Lamp,Home,5,35.0,North
1029,2026-09-15,Gaming Headset,Electronics,,120.0,West
1030,2026-09-15,Office Chair,Furniture,3,150.0,South
1031,2026-09-16,Gel Pens,Stationery,25,3.5,East
1032,2026-09-16,Desk Mat,Home,2,,North
1006,2026-09-03,Gaming Headset,Electronics,1,120.0,North
1033,2026-09-17,Standing Desk,Furniture,2,320.0,South
1034,2026-09-17,USB Hub,Electronics,5,18.0,West
